{"cameraMode":{"drawMode":0,"name":"Shaded","section":"Shading Mode"},"sceneLighting":false,"audioPlay":false,"sceneViewState":{"showFog":true,"showMaterialUpdate":true,"showSkybox":true,"showFlares":true,"showImageEffects":true,"showParticleSystems":true},"in2DMode":false,"pivot":{"x":-0.22644782066345216,"y":2.217161178588867,"z":0.08282113075256348},"rotation":{"x":-0.0025312351062893869,"y":0.9961065649986267,"z":-0.08267615735530853,"w":-0.030497152358293535},"size":10.882445335388184,"orthographic":false}