{"cameraMode":{"drawMode":0,"name":"Shaded","section":"Shading Mode"},"sceneLighting":false,"audioPlay":false,"sceneViewState":{"showFog":true,"showMaterialUpdate":true,"showSkybox":true,"showFlares":true,"showImageEffects":true,"showParticleSystems":true},"in2DMode":false,"pivot":{"x":1.1370468139648438,"y":-21.131248474121095,"z":0.2993488311767578},"rotation":{"x":0.012677831575274468,"y":0.9819104075431824,"z":-0.07112546265125275,"w":0.17502133548259736},"size":114.84492492675781,"orthographic":false}