{"cameraMode":{"drawMode":0,"name":"Shaded","section":"Shading Mode"},"sceneLighting":false,"audioPlay":false,"sceneViewState":{"showFog":true,"showMaterialUpdate":true,"showSkybox":true,"showFlares":true,"showImageEffects":true,"showParticleSystems":true},"in2DMode":false,"pivot":{"x":1.4901161193847657e-8,"y":0.5042414665222168,"z":0.0},"rotation":{"x":0.15670135617256165,"y":-0.20287877321243287,"z":0.0329090878367424,"w":0.9660238027572632},"size":2.625253200531006,"orthographic":false}