{"cameraMode":{"drawMode":0,"name":"Shaded","section":"Shading Mode"},"sceneLighting":false,"audioPlay":false,"sceneViewState":{"showFog":true,"showMaterialUpdate":true,"showSkybox":true,"showFlares":true,"showImageEffects":true,"showParticleSystems":true},"in2DMode":false,"pivot":{"x":2.5523910522460939,"y":1.2517156600952149,"z":-59.20452880859375},"rotation":{"x":0.012677831575274468,"y":0.9819104075431824,"z":-0.07112546265125275,"w":0.17502133548259736},"size":295.4043884277344,"orthographic":false}