{"cameraMode":{"drawMode":0,"name":"Shaded","section":"Shading Mode"},"sceneLighting":false,"audioPlay":false,"sceneViewState":{"showFog":true,"showMaterialUpdate":true,"showSkybox":true,"showFlares":true,"showImageEffects":true,"showParticleSystems":true},"in2DMode":false,"pivot":{"x":-1.040426254272461,"y":5.545598030090332,"z":1.259073257446289},"rotation":{"x":0.012677831575274468,"y":0.9819104075431824,"z":-0.07112546265125275,"w":0.17502133548259736},"size":46.3386116027832,"orthographic":false}