{"cameraMode":{"drawMode":0,"name":"Shaded","section":"Shading Mode"},"sceneLighting":true,"audioPlay":false,"sceneViewState":{"showFog":true,"showMaterialUpdate":true,"showSkybox":true,"showFlares":true,"showImageEffects":true,"showParticleSystems":true},"in2DMode":false,"pivot":{"x":-97.13066101074219,"y":2.171943187713623,"z":198.76612854003907},"rotation":{"x":0.15423554182052613,"y":-0.8054234385490418,"z":0.23887257277965547,"w":0.5200426578521729},"size":132.208251953125,"orthographic":false}