{"cameraMode":{"drawMode":0,"name":"Shaded","section":"Shading Mode"},"sceneLighting":false,"audioPlay":false,"sceneViewState":{"showFog":true,"showMaterialUpdate":true,"showSkybox":true,"showFlares":true,"showImageEffects":true,"showParticleSystems":true},"in2DMode":false,"pivot":{"x":0.026419878005981447,"y":0.6378363370895386,"z":0.6107244491577148},"rotation":{"x":-0.0025312351062893869,"y":0.9961065649986267,"z":-0.08267615735530853,"w":-0.030497152358293535},"size":5.972955226898193,"orthographic":false}