{"cameraMode":{"drawMode":0,"name":"Shaded","section":"Shading Mode"},"sceneLighting":false,"audioPlay":false,"sceneViewState":{"showFog":true,"showMaterialUpdate":true,"showSkybox":true,"showFlares":true,"showImageEffects":true,"showParticleSystems":true},"in2DMode":false,"pivot":{"x":-0.2764768600463867,"y":1.943135142326355,"z":0.05169212818145752},"rotation":{"x":-0.0025312351062893869,"y":0.9961065649986267,"z":-0.08267615735530853,"w":-0.030497152358293535},"size":11.111493110656739,"orthographic":false}