{"cameraMode":{"drawMode":0,"name":"Shaded","section":"Shading Mode"},"sceneLighting":false,"audioPlay":false,"sceneViewState":{"showFog":true,"showMaterialUpdate":true,"showSkybox":true,"showFlares":true,"showImageEffects":true,"showParticleSystems":true},"in2DMode":false,"pivot":{"x":0.2675485610961914,"y":-0.30805349349975588,"z":-94.00057983398438},"rotation":{"x":0.012677831575274468,"y":0.9819104075431824,"z":-0.07112546265125275,"w":0.17502133548259736},"size":284.5925598144531,"orthographic":false}