{"cameraMode":{"drawMode":0,"name":"Shaded","section":"Shading Mode"},"sceneLighting":false,"audioPlay":false,"sceneViewState":{"showFog":true,"showMaterialUpdate":true,"showSkybox":true,"showFlares":true,"showImageEffects":true,"showParticleSystems":true},"in2DMode":false,"pivot":{"x":-0.14700698852539063,"y":0.09978360682725907,"z":-0.48075923323631289},"rotation":{"x":-0.02090340480208397,"y":0.9330043792724609,"z":-0.05493289977312088,"w":-0.3550328016281128},"size":2.100057363510132,"orthographic":false}