{"cameraMode":{"drawMode":0,"name":"Shaded","section":"Shading Mode"},"sceneLighting":false,"audioPlay":false,"sceneViewState":{"showFog":true,"showMaterialUpdate":true,"showSkybox":true,"showFlares":true,"showImageEffects":true,"showParticleSystems":true},"in2DMode":false,"pivot":{"x":3.557880401611328,"y":-0.034374237060546878,"z":-59.56574249267578},"rotation":{"x":0.012677831575274468,"y":0.9819104075431824,"z":-0.07112546265125275,"w":0.17502133548259736},"size":282.9162902832031,"orthographic":false}