{"cameraMode":{"drawMode":0,"name":"Shaded","section":"Shading Mode"},"sceneLighting":false,"audioPlay":false,"sceneViewState":{"showFog":true,"showMaterialUpdate":true,"showSkybox":true,"showFlares":true,"showImageEffects":true,"showParticleSystems":true},"in2DMode":false,"pivot":{"x":0.44536256790161135,"y":2.5210347175598146,"z":0.17795038223266602},"rotation":{"x":-0.0025312351062893869,"y":0.9961065649986267,"z":-0.08267615735530853,"w":-0.030497152358293535},"size":12.78207015991211,"orthographic":false}